id,expected,predicted,final_score,vocabulary_score,grammar_score,sentence_score,coverage,text
B1,Beginner,Beginner,0.0,0.0,0.0,0.0,100.0,저는 학생이에요. 매일 학교에 가요.
B2,Beginner,Beginner,4.7,0.0,13.4,0.0,100.0,오늘 날씨가 좋아요. 친구하고 공원에 가요.
B3,Beginner,Beginner,15.6,0.0,41.0,6.2,100.0,어제 시장에서 사과하고 우유를 샀어요.
B4,Beginner,Beginner,8.4,0.0,24.0,0.0,71.4,저는 한국 음식을 좋아해요. 김치찌개를 자주 먹어요.
B5,Beginner,Beginner,7.6,0.0,21.7,0.0,100.0,주말에 가족과 영화를 봤어요. 영화가 아주 재미있었어요.
I1,Intermediate,Intermediate,33.0,0.0,73.0,37.5,100.0,제가 어렸을 때 자주 방문했던 도시는 시간이 지나면서 많이 변했습니다.
I2,Intermediate,Intermediate,34.5,5.6,70.0,37.5,90.0,한국어를 공부한 지 일 년이 되었지만 아직 모르는 표현이 많습니다.
I3,Intermediate,Intermediate,36.3,5.0,76.0,37.5,100.0,비가 많이 왔기 때문에 계획했던 여행을 다음 주로 미루기로 했습니다.
I4,Intermediate,Intermediate,36.2,8.3,75.0,31.2,100.0,친구가 추천해 준 책을 읽어 보았는데 생각보다 내용이 어려웠습니다.
I5,Intermediate,Intermediate,41.5,18.8,76.7,31.2,100.0,새로운 환경에 적응하려면 사람들과 적극적으로 이야기하는 것이 도움이 됩니다.
A1,Advanced,Advanced,56.5,45.0,75.0,50.0,100.0,기술의 급속한 발전은 생활의 편리함을 높이는 반면 새로운 사회적 문제를 초래하기도 한다.
A2,Advanced,Advanced,53.3,36.4,73.5,56.2,100.0,개인의 선택을 존중해야 한다는 주장에도 불구하고 사회 전체에 미치는 영향을 간과해서는 안 된다.
A3,Advanced,Advanced,56.9,38.5,77.5,62.5,100.0,문화적 차이를 단순한 오해의 원인으로만 간주하는 것은 복잡한 사회적 맥락을 지나치게 단순화할 가능성이 있다.
A4,Advanced,Advanced,60.4,46.4,70.0,75.0,100.0,연구 결과를 해석할 때에는 통계적 유의성뿐만 아니라 연구 설계와 자료 수집 과정의 한계도 함께 고려해야 한다.
A5,Advanced,Advanced,63.5,41.7,70.8,100.0,100.0,언어 사용의 변화는 단순히 새로운 표현이 등장하는 현상에 그치지 않고 사회 구성원의 가치관과 정체성이 변화하는 양상을 반영한다고 볼 수 있다.
